{
  "code": 0,
  "data": [
      {
          "address": "上海",
          "count": 62239
      },
      {
          "address": "南京",
          "count": 55683
      },
      {
          "address": "郑州",
          "count": 53716
      },
      {
          "address": "广州",
          "count": 6364
      },
      {
          "address": "西安",
          "count": 64976
      },
      {
          "address": "长沙",
          "count": 4142
      },
      {
          "address": "昆明",
          "count": 9524
      },
      {
          "address": "武汉",
          "count": 28212
      },
      {
          "address": "重庆",
          "count": 60777
      },
      {
          "address": "沈阳",
          "count": 20900
      },
      {
          "address": "宁波",
          "count": 66584
      },
      {
          "address": "苏州",
          "count": 1136
      },
      {
          "address": "青岛",
          "count": 9021
      },
      {
          "address": "成都",
          "count": 23378
      },
      {
          "address": "北京",
          "count": 6107
      },
      {
          "address": "天津",
          "count": 5096
      },
      {
          "address": "深圳",
          "count": 12480
      },
      {
          "address": "杭州",
          "count": 19654
      }
  ]
}