{
  "code": 0,
  "data": [
      {
          "id": 2,
          "name": "上衣",
          "goodsCount": 49749
      },
      {
          "id": 3,
          "name": "裤子",
          "goodsCount": 84754
      },
      {
          "id": 4,
          "name": "鞋子",
          "goodsCount": 58283
      },
      {
          "id": 5,
          "name": "厨具",
          "goodsCount": 57354
      },
      {
          "id": 6,
          "name": "家具",
          "goodsCount": 49002
      },
      {
          "id": 7,
          "name": "床上用品",
          "goodsCount": 98579
      },
      {
          "id": 8,
          "name": "女装",
          "goodsCount": 112268
      }
  ]
}