{
  "code": 0,
  "data": [
      {
          "id": 2,
          "name": "上衣",
          "goodsFavor": 6091
      },
      {
          "id": 3,
          "name": "裤子",
          "goodsFavor": 4939
      },
      {
          "id": 4,
          "name": "鞋子",
          "goodsFavor": 19647
      },
      {
          "id": 5,
          "name": "厨具",
          "goodsFavor": 13906
      },
      {
          "id": 6,
          "name": "家具",
          "goodsFavor": 15425
      },
      {
          "id": 7,
          "name": "床上用品",
          "goodsFavor": 7307
      },
      {
          "id": 8,
          "name": "女装",
          "goodsFavor": 19911
      }
  ]
}