{
  "code": 0,
  "data": {
      "list": [
          {
              "id": 2233,
              "name": "aaa",
              "parentId": 5,
              "createAt": "2022-12-13T03:37:11.000Z",
              "updateAt": "2022-12-13T03:37:11.000Z",
              "leader": "求安慰"
          },
          {
              "id": 5,
              "name": "人事部",
              "parentId": 1,
              "createAt": "2021-01-02T10:04:02.000Z",
              "updateAt": "2021-05-02T07:33:08.000Z",
              "leader": "lily"
          },
          {
              "id": 4,
              "name": "客服部",
              "parentId": 2,
              "createAt": "2021-01-02T10:04:02.000Z",
              "updateAt": "2021-08-03T11:14:32.000Z",
              "leader": "lily"
          },
          {
              "id": 3,
              "name": "运营部",
              "parentId": 1,
              "createAt": "2021-01-02T10:03:42.000Z",
              "updateAt": "2021-01-05T08:25:52.000Z",
              "leader": "lucy"
          },
          {
              "id": 2,
              "name": "研发部",
              "parentId": 1,
              "createAt": "2021-01-02T10:03:21.000Z",
              "updateAt": "2021-01-05T08:25:49.000Z",
              "leader": "lilei"
          },
          {
              "id": 1,
              "name": "总裁办",
              "parentId": null,
              "createAt": "2021-01-02T10:03:09.000Z",
              "updateAt": "2021-01-05T08:25:46.000Z",
              "leader": "coderwhy"
          }
      ],
      "totalCount": 6
  }
}