{
  "code": 0,
  "data": {
      "list": [
          {
              "id": 9,
              "name": "lyh",
              "realname": "李银河",
              "cellphone": 17754456666,
              "enable": 1,
              "departmentId": 2,
              "roleId": 3,
              "createAt": "2021-05-02T07:24:12.000Z",
              "updateAt": "2021-08-20T04:07:23.000Z"
          },
          {
              "id": 8,
              "name": "wxb",
              "realname": "王小波",
              "cellphone": 18855556666,
              "enable": 1,
              "departmentId": 2,
              "roleId": 3,
              "createAt": "2021-05-02T07:24:12.000Z",
              "updateAt": "2021-05-02T07:26:20.000Z"
          },
          {
              "id": 7,
              "name": "kobe",
              "realname": "kobe",
              "cellphone": 16655556666,
              "enable": 1,
              "departmentId": 2,
              "roleId": 3,
              "createAt": "2021-05-02T07:24:12.000Z",
              "updateAt": "2021-05-02T07:26:20.000Z"
          },
          {
              "id": 6,
              "name": "lily",
              "realname": "lily",
              "cellphone": 13355556666,
              "enable": 1,
              "departmentId": 2,
              "roleId": 3,
              "createAt": "2021-05-02T07:24:12.000Z",
              "updateAt": "2021-05-02T07:26:20.000Z"
          },
          {
              "id": 5,
              "name": "coderdemo",
              "realname": "demo",
              "cellphone": 17766665555,
              "enable": 1,
              "departmentId": 5,
              "roleId": 4,
              "createAt": "2021-08-23T07:24:12.000Z",
              "updateAt": "2021-08-23T07:24:21.000Z"
          },
          {
              "id": 4,
              "name": "codertest",
              "realname": "test",
              "cellphone": 16655552222,
              "enable": 1,
              "departmentId": 3,
              "roleId": 3,
              "createAt": "2021-08-23T07:25:02.000Z",
              "updateAt": "2021-08-23T07:25:09.000Z"
          },
          {
              "id": 3,
              "name": "lucy",
              "realname": "lucy",
              "cellphone": 15566668888,
              "enable": 1,
              "departmentId": 1,
              "roleId": 1,
              "createAt": "2021-01-03T04:01:40.000Z",
              "updateAt": "2021-08-09T16:09:41.000Z"
          },
          {
              "id": 2,
              "name": "lilei",
              "realname": "lilei2",
              "cellphone": 13322223333,
              "enable": 1,
              "departmentId": 1,
              "roleId": 1,
              "createAt": "2021-01-03T03:34:34.000Z",
              "updateAt": "2021-08-20T03:02:12.000Z"
          },
          {
              "id": 1,
              "name": "coderwhy",
              "realname": "coderwhy",
              "cellphone": 18812345678,
              "enable": 1,
              "departmentId": 1,
              "roleId": 1,
              "createAt": "2021-01-02T10:20:26.000Z",
              "updateAt": "2021-01-03T04:50:13.000Z"
          }
      ],
      "totalCount": 9
  }
}